{
    "App": {
        "FPS": 0
    },
    "Window": {
        "width": 1280,
        "height": 720,
        "brightness": 1,
        "fullscreen": false,
        "fullscreen desktop": false,
        "borderless": false,
        "resizable": true
    },
    "Camera3D": {
        "X.x": 0.66979384422302246,
        "X.y": -1.6391277313232422e-07,
        "X.z": 0.74255120754241943,
        "Y.x": -0.18588003516197205,
        "Y.y": 0.96816170215606689,
        "Y.z": 0.16766718029975891,
        "Z.x": -0.71890926361083984,
        "Z.y": -0.25032684206962585,
        "Z.z": 0.64846837520599365,
        "Reference.x": -0.9057774543762207,
        "Reference.y": 0.90814113616943359,
        "Reference.z": 0.20255136489868164,
        "Position.x": 6.2832961082458496,
        "Position.y": 3.4114029407501221,
        "Position.z": -6.2821149826049805
    },
    "Input": {},
    "Physics3D": {},
    "Renderer3D": {
        "vsync": false,
        "wireframe": false
    },
    "Editor": {},
    "ResourceManager": {},
    "scene": {}
}