{
    "App": {
        "FPS": 60
    },
    "Window": {
        "width": 1280,
        "height": 720,
        "brightness": 1,
        "fullscreen": false,
        "fullscreen desktop": false,
        "borderless": false,
        "resizable": true
    },
    "Camera3D": {
        "X.x": 0.89250379800796509,
        "X.y": 0,
        "X.z": -0.45103040337562561,
        "Y.x": -0.1079365462064743,
        "Y.y": 0.97093886137008667,
        "Y.z": -0.21358631551265717,
        "Z.x": 0.43792545795440674,
        "Z.y": 0.23931002616882324,
        "Z.z": 0.86657118797302246,
        "Reference.x": -1.1727828979492188,
        "Reference.y": 0,
        "Reference.z": 0.4118046760559082,
        "Position.x": 1.052243709564209,
        "Position.y": 1.2158945798873901,
        "Position.z": 4.8147091865539551
    },
    "Input": {},
    "Physics3D": {},
    "Renderer3D": {
        "vsync": false,
        "wireframe": false
    },
    "Editor": {}
}