{
    "App": {
        "FPS": 60
    },
    "Window": {
        "width": 1280,
        "height": 720,
        "brightness": 1,
        "fullscreen": false,
        "fullscreen desktop": false,
        "borderless": false,
        "resizable": false
    },
    "Camera3D": {
        "X.x": 0.97004222869873047,
        "X.y": 0,
        "X.z": -0.24293628334999084,
        "Y.x": -0.061219356954097748,
        "Y.y": 0.96772783994674683,
        "Y.z": -0.24444830417633057,
        "Z.x": 0.23509621620178223,
        "Z.y": 0.25199759006500244,
        "Z.z": 0.93873691558837891,
        "Reference.x": -0.82065474987030029,
        "Reference.y": 0,
        "Reference.z": 0.20552428066730499,
        "Position.x": 0.40063983201980591,
        "Position.y": 1.309095025062561,
        "Position.z": 5.0821418762207031
    },
    "Input": {},
    "Physics3D": {},
    "Renderer3D": {
        "vsync": false,
        "wireframe": false
    },
    "Editor": {},
    "ResourceManager": {}
}