{
    "App": {
        "FPS": 0
    },
    "Window": {
        "width": 1280,
        "height": 720,
        "brightness": 1,
        "fullscreen": false,
        "fullscreen desktop": false,
        "borderless": false,
        "resizable": true
    },
    "Camera3D": {
        "X.x": 0.71311569213867188,
        "X.y": 1.4901161193847656e-07,
        "X.z": 0.70105153322219849,
        "Y.x": -0.15505382418632507,
        "Y.y": 0.97523635625839233,
        "Y.z": 0.15772189199924469,
        "Z.x": -0.68368828296661377,
        "Z.y": -0.22117394208908081,
        "Z.z": 0.6954537034034729,
        "Reference.x": -0.29076969623565674,
        "Reference.y": 0.46488863229751587,
        "Reference.z": 0.015556484460830688,
        "Position.x": 9.7184715270996094,
        "Position.y": 4.9510579109191895,
        "Position.z": -9.5728645324707031
    },
    "Input": {},
    "Physics3D": {},
    "Renderer3D": {
        "vsync": false,
        "wireframe": false
    },
    "Editor": {},
    "ResourceManager": {},
    "scene": {}
}