{
    "App": {
        "FPS": 0
    },
    "Window": {
        "width": 1280,
        "height": 720,
        "brightness": 1,
        "fullscreen": false,
        "fullscreen desktop": false,
        "borderless": false,
        "resizable": false
    },
    "Camera3D": {
        "X.x": 0.98058068752288818,
        "X.y": 0,
        "X.z": -0.19611614942550659,
        "Y.x": -0.037742570042610168,
        "Y.y": 0.98130673170089722,
        "Y.z": -0.18871285021305084,
        "Z.x": 0.19245009124279022,
        "Z.y": 0.19245009124279022,
        "Z.z": 0.96225041151046753,
        "Reference.x": -0.19245012104511261,
        "Reference.y": -0.19245012104511261,
        "Reference.z": -0.9622502326965332,
        "Position.x": 0.80754983425140381,
        "Position.y": 0.80754983425140381,
        "Position.z": 4.0377492904663086
    },
    "Input": {},
    "Physics3D": {},
    "Renderer3D": {
        "vsync": false,
        "wireframe": false
    },
    "Editor": {},
    "ResourceManager": {},
    "scene": {}
}