{
    "App": {
        "FPS": 0
    },
    "Window": {
        "width": 1280,
        "height": 720,
        "brightness": 1,
        "fullscreen": false,
        "fullscreen desktop": false,
        "borderless": false,
        "resizable": true
    },
    "Camera3D": {
        "X.x": 0.24151647090911865,
        "X.y": -3.7252902984619141e-09,
        "X.z": 0.97039651870727539,
        "Y.x": -0.18614239990711212,
        "Y.y": 0.98142987489700317,
        "Y.z": 0.046327922493219376,
        "Z.x": -0.95237630605697632,
        "Z.y": -0.19182093441486359,
        "Z.z": 0.23703150451183319,
        "Reference.x": 3.7008461952209473,
        "Reference.y": 2.7821319103240967,
        "Reference.z": -0.42918896675109863,
        "Position.x": 13.224602699279785,
        "Position.y": 4.7003412246704102,
        "Position.z": -2.7995030879974365
    },
    "Input": {},
    "Physics3D": {},
    "Renderer3D": {
        "vsync": false,
        "wireframe": false
    },
    "Editor": {},
    "ResourceManager": {},
    "scene": {}
}