{
    "App": {
        "FPS": 0
    },
    "Window": {
        "width": 1280,
        "height": 720,
        "brightness": 1,
        "fullscreen": false,
        "fullscreen desktop": false,
        "borderless": false,
        "resizable": true
    },
    "Camera3D": {
        "X.x": 0.24151645600795746,
        "X.y": 3.7252902984619141e-09,
        "X.z": 0.97039693593978882,
        "Y.x": -0.18614239990711212,
        "Y.y": 0.98143017292022705,
        "Y.z": 0.046327896416187286,
        "Z.x": -0.95237642526626587,
        "Z.y": -0.19182088971138,
        "Z.z": 0.23703143000602722,
        "Reference.x": -2.2727444171905518,
        "Reference.y": 1.63010573387146,
        "Reference.z": 0.39801925420761108,
        "Position.x": 7.2510194778442383,
        "Position.y": 3.5483148097991943,
        "Position.z": -1.972294807434082
    },
    "Input": {},
    "Physics3D": {},
    "Renderer3D": {
        "vsync": false,
        "wireframe": false
    },
    "Editor": {},
    "ResourceManager": {},
    "scene": {}
}