{
    "App": {
        "FPS": 0
    },
    "Window": {
        "width": 1280,
        "height": 720,
        "brightness": 1,
        "fullscreen": false,
        "fullscreen desktop": false,
        "borderless": false,
        "resizable": true
    },
    "Camera3D": {
        "X.x": 0.24151644110679626,
        "X.y": 0,
        "X.z": 0.97039681673049927,
        "Y.x": -0.18614241480827332,
        "Y.y": 0.9814300537109375,
        "Y.z": 0.046327903866767883,
        "Z.x": -0.95237642526626587,
        "Z.y": -0.19182091951370239,
        "Z.z": 0.23703143000602722,
        "Reference.x": -1.4632244110107422,
        "Reference.y": 1.7731527090072632,
        "Reference.z": 0.19654253125190735,
        "Position.x": 8.0605392456054688,
        "Position.y": 3.691361665725708,
        "Position.z": -2.1737716197967529
    },
    "Input": {},
    "Physics3D": {},
    "Renderer3D": {
        "vsync": false,
        "wireframe": false
    },
    "Editor": {},
    "ResourceManager": {},
    "scene": {}
}