{
    "App": {
        "FPS": 0
    },
    "Window": {
        "width": 1280,
        "height": 720,
        "brightness": 1,
        "fullscreen": false,
        "fullscreen desktop": false,
        "borderless": false,
        "resizable": false
    },
    "Camera3D": {
        "X.x": 0.93003356456756592,
        "X.y": 0,
        "X.z": -0.36747348308563232,
        "Y.x": -0.084822654724121094,
        "Y.y": 0.97299313545227051,
        "Y.z": -0.21467635035514832,
        "Z.x": 0.35754987597465515,
        "Z.y": 0.23082570731639862,
        "Z.z": 0.90491759777069092,
        "Reference.x": -0.82065474987030029,
        "Reference.y": 0,
        "Reference.z": 0.20552428066730499,
        "Position.x": 1.0364435911178589,
        "Position.y": 1.1988985538482666,
        "Position.z": 4.9056267738342285
    },
    "Input": {},
    "Physics3D": {},
    "Renderer3D": {
        "vsync": true,
        "wireframe": false
    },
    "Editor": {},
    "ResourceManager": {}
}